{
  "project_info": {
    "project_number": "292199380509",
    "project_id": "connect-fayrbase",
    "storage_bucket": "connect-fayrbase.firebasestorage.app"
  },
  "client": [
    {
      "client_info": {
        "mobilesdk_app_id": "1:292199380509:android:08b5923d679c64d5bf78f4",
        "android_client_info": {
          "package_name": "com.example.connecttofayrbase"
        }
      },
      "oauth_client": [],
      "api_key": [
        {
          "current_key": "AIzaSyDjNYjWTwt5erhnJYN2vwq1uy0NKAqkXxo"
        }
      ],
      "services": {
        "appinvite_service": {
          "other_platform_oauth_client": []
        }
      }
    }
  ],
  "configuration_version": "1"
}